signature_id,length,conservation,divergence,fraction_nontarget_hit,score
RJLJ01000038.1_37,627,0.9984,0.0053,1.0000,1.0037
RJLJ01000059.1_67,229,1.0000,0.0212,1.0000,1.0212
RJLJ01000119.1_155,264,0.6970,0.0275,1.0000,0.7244
RJLJ01000145.1_188,160,1.0000,0.0153,1.0000,1.0153
RJLJ01000146.1_189,1262,0.9945,0.0044,1.0000,0.9988
RJLJ01000147.1_190,282,0.9965,0.0106,1.0000,1.0071
RJLJ01000148.1_191,336,0.9940,0.0132,1.0000,1.0073
RJLJ01000153.1_195,1385,0.9964,0.0028,1.0000,0.9992
RJLJ01000154.1_196,293,0.9932,0.0084,1.0000,1.0015
RJLJ01000155.1_197,345,0.9971,0.0084,1.0000,1.0055
RJLJ01000156.1_198,639,0.9984,0.0121,1.0000,1.0106
RJLJ01000157.1_199,527,0.9981,0.0035,1.0000,1.0016
RJLJ01000157.1_200,250,0.9960,0.0238,1.0000,1.0198
RJLJ01000158.1_201,218,0.9908,0.0222,1.0000,1.0131
RJLJ01000158.1_202,614,0.9967,0.0072,1.0000,1.0040
RJLJ01000158.1_203,313,1.0000,0.0097,1.0000,1.0097
RJLJ01000159.1_204,622,0.9936,0.0088,1.0000,1.0023
RJLJ01000171.1_221,1131,0.9938,0.0031,1.0000,0.9969
RJLJ01000172.1_222,585,1.0000,0.0119,1.0000,1.0119
RJLJ01000179.1_230,208,0.9904,0.0149,1.0000,1.0053
RJLJ01000180.1_231,138,1.0000,0.0388,1.0000,1.0388
RJLJ01000186.1_237,409,0.9927,0.0075,1.0000,1.0001
RJLJ01000188.1_239,588,0.9966,0.0036,1.0000,1.0002
RJLJ01000192.1_243,236,1.0000,0.0233,1.0000,1.0233
RJLJ01000192.1_244,588,0.9983,0.0680,1.0000,1.0663
RJLJ01000192.1_245,327,0.9939,0.0148,1.0000,1.0087
RJLJ01000193.1_246,325,0.9969,0.0091,1.0000,1.0060
RJLJ01000193.1_247,604,0.9950,0.0045,1.0000,0.9995
RJLJ01000202.1_254,224,0.9955,0.0170,1.0000,1.0125
RJLJ01000203.1_255,320,0.9969,0.0042,1.0000,1.0011
RJLJ01000204.1_256,131,0.9924,0.0218,1.0000,1.0141
RJLJ01000204.1_258,466,0.9936,0.0227,1.0000,1.0163
RJLJ01000207.1_263,1053,0.9972,0.0028,1.0000,1.0000
RJLJ01000208.1_264,197,1.0000,0.0173,1.0000,1.0173
RJLJ01000208.1_265,450,0.9933,0.0159,1.0000,1.0092
RJLJ01000215.1_273,206,0.9951,0.0398,1.0000,1.0350
RJLJ01000216.1_274,128,1.0000,0.0270,1.0000,1.0270
RJLJ01000227.1_293,117,1.0000,0.0496,1.0000,1.0496
RJLJ01000232.1_298,1387,0.4737,0.0045,1.0000,0.4782
RJLJ01000233.1_299,359,0.9889,0.0085,1.0000,0.9974
RJLJ01000234.1_300,248,1.0000,0.0103,1.0000,1.0103
RJLJ01000235.1_301,1543,0.9942,0.0034,1.0000,0.9975
RJLJ01000237.1_303,160,0.9938,0.0053,1.0000,0.9991
RJLJ01000240.1_306,483,0.9917,0.0306,1.0000,1.0224
RJLJ01000245.1_310,109,0.9908,0.0197,1.0000,1.0106
RJLJ01000245.1_311,324,0.9938,0.0364,1.0000,1.0302
RJLJ01000245.1_312,113,1.0000,0.0128,1.0000,1.0128
RJLJ01000251.1_322,136,1.0000,0.0301,1.0000,1.0301
RJLJ01000266.1_343,116,1.0000,0.0491,1.0000,1.0491
RJLJ01000284.1_365,322,0.7795,0.0174,1.0000,0.7969
RJLJ01000312.1_392,197,0.9949,0.0515,1.0000,1.0464
RJLJ01000314.1_395,563,0.9947,0.0036,1.0000,0.9983
RJLJ01000317.1_398,237,0.9958,0.0042,1.0000,1.0000
RJLJ01000318.1_399,579,0.9965,0.0096,1.0000,1.0061
RJLJ01000318.1_400,1093,0.9973,0.0056,1.0000,1.0028
RJLJ01000319.1_401,120,1.0000,0.0150,1.0000,1.0150
RJLJ01000320.1_402,804,0.9938,0.0116,1.0000,1.0054
RJLJ01000320.1_403,147,1.0000,0.0276,1.0000,1.0276
RJLJ01000320.1_404,134,0.9925,0.0216,1.0000,1.0142
RJLJ01000322.1_407,224,1.0000,0.0147,1.0000,1.0147
RJLJ01000323.1_408,582,0.9897,0.0077,1.0000,0.9974
RJLJ01000325.1_410,419,1.0000,0.0081,1.0000,1.0081
RJLJ01000331.1_417,163,1.0000,0.0307,1.0000,1.0307
RJLJ01000332.1_418,1066,0.9916,0.0070,1.0000,0.9986
RJLJ01000333.1_420,576,0.9965,0.0063,1.0000,1.0029
RJLJ01000334.1_421,196,1.0000,0.0135,1.0000,1.0135
RJLJ01000334.1_422,202,1.0000,0.0188,1.0000,1.0188
RJLJ01000337.1_431,205,1.0000,0.0383,1.0000,1.0383
RJLJ01000338.1_432,366,0.9945,0.0089,1.0000,1.0034
RJLJ01000339.1_433,463,0.9957,0.0106,1.0000,1.0063
RJLJ01000340.1_434,569,0.9965,0.0073,1.0000,1.0038
RJLJ01000340.1_435,146,1.0000,0.0219,1.0000,1.0219
RJLJ01000341.1_436,153,1.0000,0.0389,1.0000,1.0389
RJLJ01000341.1_437,105,0.9905,0.0300,1.0000,1.0205
RJLJ01000342.1_438,801,0.9925,0.0032,1.0000,0.9957
RJLJ01000343.1_439,620,0.4258,0.0173,1.0000,0.4431
RJLJ01000344.1_440,161,1.0000,0.0413,1.0000,1.0413
RJLJ01000344.1_441,708,0.7938,0.0054,1.0000,0.7992
RJLJ01000351.1_452,1099,0.9964,0.0043,1.0000,1.0007
RJLJ01000352.1_453,183,1.0000,0.0746,1.0000,1.0746
RJLJ01000375.1_482,156,0.9936,0.0179,1.0000,1.0115
RJLJ01000375.1_483,356,0.9972,0.0059,1.0000,1.0031
RJLJ01000376.1_484,981,0.9980,0.0053,1.0000,1.0033
RJLJ01000377.1_485,788,0.9987,0.0058,1.0000,1.0045
RJLJ01000378.1_486,1112,0.9973,0.0049,1.0000,1.0022
RJLJ01000379.1_487,895,0.9944,0.0039,1.0000,0.9983
RJLJ01000380.1_488,256,0.4531,0.0143,1.0000,0.4674
RJLJ01000381.1_489,293,0.9966,0.0406,1.0000,1.0372
RJLJ01000383.1_491,554,0.9982,0.0088,1.0000,1.0069
RJLJ01000405.1_535,157,1.0000,0.0166,1.0000,1.0166
RJLJ01000406.1_536,276,1.0000,0.0107,1.0000,1.0107
RJLJ01000410.1_542,225,0.4356,0.0260,1.0000,0.4616
RJLJ01000416.1_547,302,1.0000,0.0119,1.0000,1.0119
RJLJ01000417.1_548,168,0.9940,0.0220,1.0000,1.0161
RJLJ01000423.1_555,135,0.9926,0.0381,1.0000,1.0307
RJLJ01000426.1_559,292,1.0000,0.0197,1.0000,1.0197
RJLJ01000429.1_562,914,0.9967,0.0057,1.0000,1.0025
RJLJ01000434.1_565,1015,0.9961,0.0052,1.0000,1.0012
RJLJ01000436.1_568,168,0.9940,0.0152,1.0000,1.0092
RJLJ01000436.1_569,220,0.9864,0.0057,1.0000,0.9920
RJLJ01000448.1_583,273,0.9963,0.0084,1.0000,1.0048
RJLJ01000468.1_619,270,0.9963,0.0572,1.0000,1.0535
RJLJ01000472.1_623,117,0.9913,0.0282,1.0000,1.0196
RJLJ01000511.1_684,101,1.0000,0.0767,1.0000,1.0767
RJLJ01000513.1_688,197,1.0000,0.0429,1.0000,1.0429
RJLJ01000523.1_699,630,1.0000,0.0060,1.0000,1.0060
RJLJ01000525.1_701,121,0.9917,0.0467,1.0000,1.0384
RJLJ01000549.1_739,190,0.9947,0.0111,1.0000,1.0058
RJLJ01000557.1_754,110,1.0000,0.0523,1.0000,1.0523
RJLJ01000568.1_767,480,0.9979,0.0156,1.0000,1.0135
RJLJ01000589.1_801,112,1.0000,0.0152,1.0000,1.0152
RJLJ01000591.1_803,120,0.9917,0.0154,1.0000,1.0071
RJLJ01000603.1_818,399,0.5714,0.0033,1.0000,0.5747
RJLJ01000603.1_822,114,1.0000,0.0066,1.0000,1.0066
RJLJ01000604.1_823,124,1.0000,0.0085,1.0000,1.0085
RJLJ01000608.1_831,286,0.9965,0.0117,1.0000,1.0082
RJLJ01000654.1_903,108,1.0000,0.0181,1.0000,1.0181
RJLJ01000694.1_956,188,1.0000,0.0160,1.0000,1.0160
RJLJ01000696.1_958,1625,0.9982,0.0028,1.0000,1.0010
RJLJ01000696.1_959,640,0.9953,0.0081,1.0000,1.0034
RJLJ01000696.1_960,359,0.9916,0.0116,1.0000,1.0032
RJLJ01000707.1_973,521,1.0000,0.0186,1.0000,1.0186
RJLJ01000721.1_996,423,0.9976,0.0135,1.0000,1.0111
RJLJ01000722.1_997,213,0.9953,0.0127,1.0000,1.0080
RJLJ01000732.1_1015,398,0.9925,0.0057,1.0000,0.9981
RJLJ01000744.1_1028,134,0.9925,0.0299,1.0000,1.0224
RJLJ01000749.1_1033,161,1.0000,0.0413,1.0000,1.0413
RJLJ01000766.1_1060,609,0.9984,0.0064,1.0000,1.0048
RJLJ01000792.1_1095,203,0.9901,0.0453,1.0000,1.0355
RJLJ01000812.1_1127,301,1.0000,0.0178,1.0000,1.0178
RJLJ01000826.1_1143,101,0.9901,0.0129,1.0000,1.0030
RJLJ01000830.1_1151,124,1.0000,0.0331,1.0000,1.0331
RJLJ01000834.1_1158,109,1.0000,0.0096,1.0000,1.0096
RJLJ01000837.1_1162,124,1.0000,0.0540,1.0000,1.0540
RJLJ01000838.1_1163,607,1.0000,0.0077,1.0000,1.0077
RJLJ01000840.1_1164,259,0.9923,0.0124,1.0000,1.0046
RJLJ01000841.1_1165,340,0.9971,0.0147,1.0000,1.0118
RJLJ01000847.1_1180,215,1.0000,0.0270,1.0000,1.0270
RJLJ01000869.1_1215,209,1.0000,0.0134,1.0000,1.0134
RJLJ01000869.1_1216,200,0.9900,0.0338,1.0000,1.0237
RJLJ01000878.1_1229,911,0.9956,0.0063,1.0000,1.0019
RJLJ01000881.1_1233,490,0.9980,0.0038,1.0000,1.0017
RJLJ01000882.1_1234,272,1.0000,0.0088,1.0000,1.0088
RJLJ01000883.1_1235,201,0.9950,0.0261,1.0000,1.0211
RJLJ01000886.1_1239,101,4.1386,0.0658,1.0000,4.2045
RJLJ01000900.1_1257,312,1.0000,0.0322,1.0000,1.0322
RJLJ01000906.1_1265,436,1.0000,0.0563,1.0000,1.0563
RJLJ01000907.1_1266,326,0.6380,0.0034,1.0000,0.6414
RJLJ01000910.1_1270,108,0.9907,0.0139,1.0000,1.0046
RJLJ01000926.1_1291,1097,0.9964,0.0048,1.0000,1.0011
RJLJ01000930.1_1298,106,0.9717,0.1189,1.0000,1.0906
RJLJ01000937.1_1310,909,1.0000,0.0072,1.0000,1.0072
RJLJ01000938.1_1311,926,0.2786,0.0011,1.0000,0.2797
RJLJ01000939.1_1312,276,0.3913,0.0116,1.0000,0.4029
RJLJ01000943.1_1319,659,0.9939,0.0103,1.0000,1.0042
RJLJ01000943.1_1320,914,1.0000,0.0082,1.0000,1.0082
RJLJ01000944.1_1321,681,1.0000,0.0043,1.0000,1.0043
RJLJ01000947.1_1325,273,0.9963,0.0115,1.0000,1.0079
RJLJ01000948.1_1326,398,1.0000,0.0124,1.0000,1.0124
RJLJ01000954.1_1337,214,1.0000,0.0150,1.0000,1.0150
RJLJ01000965.1_1351,164,0.9939,0.0320,1.0000,1.0259
RJLJ01000966.1_1352,119,1.0000,0.0206,1.0000,1.0206
RJLJ01000981.1_1377,167,0.9940,0.0069,1.0000,1.0009
RJLJ01000982.1_1378,106,0.9906,0.0184,1.0000,1.0090
RJLJ01000990.1_1390,130,0.9846,0.0269,1.0000,1.0115
RJLJ01001005.1_1412,487,0.9959,0.0042,1.0000,1.0001
RJLJ01001006.1_1413,274,0.9964,0.0141,1.0000,1.0104
RJLJ01001007.1_1414,261,0.9885,0.0190,1.0000,1.0075
RJLJ01001047.1_1474,420,0.9905,0.0100,1.0000,1.0005
RJLJ01001054.1_1485,115,0.9913,0.0196,1.0000,1.0109
RJLJ01001061.1_1493,193,1.0000,0.0145,1.0000,1.0145
RJLJ01001061.1_1494,160,0.9938,0.0131,1.0000,1.0069
RJLJ01001064.1_1497,1216,0.9959,0.0100,1.0000,1.0059
RJLJ01001068.1_1502,111,1.0000,0.0284,1.0000,1.0284
RJLJ01001081.1_1519,558,0.9982,0.0101,1.0000,1.0083
RJLJ01001087.1_1527,113,1.0000,0.0327,1.0000,1.0327
RJLJ01001089.1_1529,918,0.9935,0.0028,1.0000,0.9963
RJLJ01001090.1_1530,266,0.9850,0.0071,1.0000,0.9921
RJLJ01001091.1_1531,1279,0.9977,0.0063,1.0000,1.0040
RJLJ01001093.1_1533,803,0.9950,0.0037,1.0000,0.9987
RJLJ01001094.1_1534,149,0.9866,0.0349,1.0000,1.0215
RJLJ01001094.1_1535,364,0.9973,0.0037,1.0000,1.0010
RJLJ01001095.1_1536,155,0.9935,0.0590,1.0000,1.0526
RJLJ01001095.1_1537,120,1.0000,0.0283,1.0000,1.0283
RJLJ01001097.1_1539,318,0.6101,0.0159,1.0000,0.6259
RJLJ01001098.1_1540,146,0.3630,0.0154,1.0000,0.3784
RJLJ01001115.1_1555,801,0.9925,0.0027,1.0000,0.9952
RJLJ01001116.1_1556,121,0.9917,0.0252,1.0000,1.0169
RJLJ01001118.1_1558,189,0.4921,0.0241,1.0000,0.5161
RJLJ01001125.1_1567,204,1.0000,0.0184,1.0000,1.0184
RJLJ01001126.1_1568,394,0.9975,0.0076,1.0000,1.0051
RJLJ01001128.1_1571,211,1.0000,0.0050,1.0000,1.0050
RJLJ01001139.1_1587,383,1.0000,0.0131,1.0000,1.0131
RJLJ01001140.1_1588,243,1.0000,0.0263,1.0000,1.0263
RJLJ01001141.1_1589,1222,0.9992,0.0053,1.0000,1.0045
RJLJ01001142.1_1590,407,0.9975,0.0129,1.0000,1.0104
RJLJ01001143.1_1591,228,1.0000,0.0112,1.0000,1.0112
RJLJ01001144.1_1592,497,0.9960,0.0253,1.0000,1.0212
RJLJ01001145.1_1593,458,0.9017,0.0321,1.0000,0.9338
RJLJ01001146.1_1594,135,0.9926,0.0156,1.0000,1.0081
RJLJ01001147.1_1595,166,0.9880,0.0398,1.0000,1.0277
RJLJ01001148.1_1596,876,0.9966,0.0042,1.0000,1.0007
RJLJ01001151.1_1599,439,1.0000,0.0072,1.0000,1.0072
RJLJ01001152.1_1600,232,1.0000,0.0024,1.0000,1.0024
RJLJ01001153.1_1601,386,0.9974,0.0158,1.0000,1.0132
RJLJ01001154.1_1602,209,0.9952,0.0072,1.0000,1.0024
RJLJ01001155.1_1603,1144,0.9939,0.0093,1.0000,1.0032
RJLJ01001156.1_1604,211,1.0000,0.0334,1.0000,1.0334
RJLJ01001157.1_1605,444,0.9955,0.0100,1.0000,1.0055
RJLJ01001158.1_1606,776,0.9974,0.0065,1.0000,1.0039
RJLJ01001158.1_1607,305,0.9967,0.0116,1.0000,1.0084
RJLJ01001161.1_1610,215,1.0000,0.0358,1.0000,1.0358
RJLJ01001162.1_1611,378,0.9947,0.0078,1.0000,1.0025
RJLJ01001166.1_1616,795,0.9975,0.0099,1.0000,1.0074
RJLJ01001167.1_1617,932,0.9979,0.0094,1.0000,1.0072
RJLJ01001168.1_1618,253,1.0000,0.0144,1.0000,1.0144
RJLJ01001169.1_1619,386,0.9948,0.0105,1.0000,1.0053
RJLJ01001173.1_1623,1142,0.9974,0.0063,1.0000,1.0037
RJLJ01001176.1_1633,130,1.0000,0.0400,1.0000,1.0400
RJLJ01001178.1_1635,106,0.9906,0.0722,1.0000,1.0627
RJLJ01001193.1_1656,1657,0.5299,0.0071,1.0000,0.5369
RJLJ01001194.1_1657,284,0.9894,0.0132,1.0000,1.0026
RJLJ01001196.1_1659,142,1.1408,0.0053,1.0000,1.1461
RJLJ01001196.1_1660,202,0.9950,0.0354,1.0000,1.0304
RJLJ01001202.1_1666,191,1.0000,0.0047,1.0000,1.0047
RJLJ01001204.1_1671,100,1.0000,0.0410,1.0000,1.0410
RJLJ01001205.1_1672,237,0.9958,0.0065,1.0000,1.0023
RJLJ01001216.1_1689,692,1.0000,0.0024,1.0000,1.0024
RJLJ01001217.1_1690,443,0.8172,0.0153,1.0000,0.8325
RJLJ01001217.1_1691,128,1.0000,0.0328,1.0000,1.0328
RJLJ01001219.1_1693,107,0.9907,0.0182,1.0000,1.0089
RJLJ01001220.1_1694,191,0.9948,0.0277,1.0000,1.0225
RJLJ01001222.1_1697,617,0.9935,0.0039,1.0000,0.9974
RJLJ01001241.1_1721,358,0.4106,0.0031,1.0000,0.4137
RJLJ01001257.1_1735,451,0.9978,0.0221,1.0000,1.0198
RJLJ01001272.1_1756,468,0.8205,0.0107,1.0000,0.8312
RJLJ01001274.1_1757,217,0.9954,0.0283,1.0000,1.0237
RJLJ01001275.1_1758,291,1.0000,0.0352,1.0000,1.0352
RJLJ01001276.1_1759,262,1.0000,0.0040,1.0000,1.0040
RJLJ01001277.1_1760,276,0.4529,0.0043,1.0000,0.4572
RJLJ01001280.1_1763,214,1.0000,0.0269,1.0000,1.0269
RJLJ01001281.1_1764,347,1.0000,0.0095,1.0000,1.0095
RJLJ01001282.1_1765,424,0.9929,0.0046,1.0000,0.9975
RJLJ01001283.1_1766,529,0.9981,0.0096,1.0000,1.0078
RJLJ01001286.1_1769,329,0.9970,0.0184,1.0000,1.0153
RJLJ01001305.1_1775,304,0.9934,0.0191,1.0000,1.0125
RJLJ01001305.1_1776,1090,0.9972,0.0053,1.0000,1.0026
RJLJ01001308.1_1779,403,0.9950,0.0092,1.0000,1.0042
RJLJ01001309.1_1780,248,1.0000,0.0067,1.0000,1.0067
RJLJ01001313.1_1784,894,0.9989,0.0073,1.0000,1.0062
RJLJ01001314.1_1785,587,0.9983,0.0127,1.0000,1.0110
RJLJ01001315.1_1786,434,0.9931,0.0081,1.0000,1.0012
RJLJ01001318.1_1789,202,0.9950,0.0057,1.0000,1.0007
RJLJ01001319.1_1790,245,1.0000,0.0159,1.0000,1.0159
RJLJ01001326.1_1798,725,0.9945,0.0068,1.0000,1.0013
RJLJ01001331.1_1803,657,0.9954,0.0043,1.0000,0.9998
RJLJ01001334.1_1806,460,0.9891,0.0071,1.0000,0.9962
RJLJ01001336.1_1809,1152,0.9991,0.0052,1.0000,1.0043
RJLJ01001337.1_1810,220,0.9955,0.0359,1.0000,1.0314
RJLJ01001338.1_1811,397,0.9924,0.0069,1.0000,0.9994
RJLJ01001339.1_1812,370,0.9919,0.0080,1.0000,0.9999
RJLJ01001340.1_1813,423,1.0000,0.0044,1.0000,1.0044
RJLJ01001344.1_1818,137,0.9927,0.0197,1.0000,1.0124
RJLJ01001344.1_1819,340,1.0000,0.0168,1.0000,1.0168
RJLJ01001353.1_1830,162,0.9938,0.0383,1.0000,1.0321
RJLJ01001360.1_1837,357,0.3754,0.0092,1.0000,0.3846
RJLJ01001364.1_1843,394,0.9975,0.0763,1.0000,1.0737
RJLJ01001365.1_1844,140,3.3857,0.0436,1.0000,3.4293
RJLJ01001366.1_1845,791,0.9899,0.0330,1.0000,1.0229
RJLJ01001375.1_1855,798,0.6516,0.0118,1.0000,0.6635
RJLJ01001389.1_1888,474,0.9958,0.0142,1.0000,1.0100
RJLJ01001389.1_1889,625,0.9904,0.0102,1.0000,1.0006
RJLJ01001400.1_1905,397,0.9924,0.0033,1.0000,0.9957
RJLJ01001401.1_1906,185,0.9946,0.0224,1.0000,1.0170
RJLJ01001406.1_1913,268,0.9925,0.0075,1.0000,1.0000
RJLJ01001407.1_1914,297,1.0000,0.0113,1.0000,1.0113
RJLJ01001408.1_1915,711,0.9944,0.0063,1.0000,1.0006
RJLJ01001409.1_1916,272,1.8456,0.0278,1.0000,1.8733
RJLJ01001409.1_1917,462,0.9978,0.0184,1.0000,1.0162
RJLJ01001413.1_1925,258,0.9922,0.0194,1.0000,1.0116
RJLJ01001427.1_1946,659,0.7162,0.0041,1.0000,0.7203
RJLJ01001429.1_1948,202,1.0000,0.0220,1.0000,1.0220
RJLJ01001438.1_1952,251,0.9920,0.0211,1.0000,1.0131
RJLJ01001440.1_1955,128,0.9922,0.0082,1.0000,1.0004
RJLJ01001440.1_1956,138,1.0000,0.0087,1.0000,1.0087
RJLJ01001462.1_1995,306,1.0000,0.0080,1.0000,1.0080
RJLJ01001462.1_1996,261,0.9923,0.0188,1.0000,1.0111
RJLJ01001468.1_2004,508,0.9961,0.0049,1.0000,1.0010
RJLJ01001472.1_2005,539,0.9981,0.0065,1.0000,1.0046
RJLJ01001488.1_2026,383,0.9974,0.0017,1.0000,0.9991
RJLJ01001489.1_2027,280,0.9893,0.0109,1.0000,1.0002
RJLJ01001493.1_2031,210,0.9952,0.0107,1.0000,1.0060
RJLJ01001494.1_2032,257,0.9961,0.0084,1.0000,1.0045
RJLJ01001494.1_2033,396,0.8788,0.0222,1.0000,0.9010
RJLJ01001496.1_2036,125,1.0000,0.0476,1.0000,1.0476
RJLJ01001499.1_2038,467,0.9872,0.0058,1.0000,0.9929
RJLJ01001503.1_2041,126,3.4841,0.0575,1.0000,3.5417
RJLJ01001518.1_2046,261,0.9885,0.0251,1.0000,1.0136
RJLJ01001520.1_2048,600,0.9933,0.0062,1.0000,0.9995
RJLJ01001523.1_2052,302,1.0000,0.0098,1.0000,1.0098
RJLJ01001524.1_2053,288,0.9965,0.0092,1.0000,1.0057
RJLJ01001528.1_2062,1298,0.5123,0.0082,1.0000,0.5205
RJLJ01001601.1_2177,114,0.9912,0.0088,1.0000,1.0000
RJLJ01001608.1_2189,175,1.0000,0.0129,1.0000,1.0129
RJLJ01001613.1_2194,274,0.9891,0.0040,1.0000,0.9931
RJLJ01001634.1_2222,114,0.9912,0.0355,1.0000,1.0268
RJLJ01001639.1_2232,208,1.0000,0.0142,1.0000,1.0142
RJLJ01001645.1_2239,174,1.0000,0.0187,1.0000,1.0187
RJLJ01001647.1_2242,160,1.0000,0.0362,1.0000,1.0362
RJLJ01001650.1_2247,266,1.0000,0.0094,1.0000,1.0094
RJLJ01001669.1_2274,225,1.0000,0.0233,1.0000,1.0233
RJLJ01001680.1_2288,104,1.0000,0.0144,1.0000,1.0144
RJLJ01001682.1_2290,264,0.9962,0.0045,1.0000,1.0008
RJLJ01001683.1_2291,1195,0.9983,0.0048,1.0000,1.0031
RJLJ01001686.1_2293,173,1.0000,0.0231,1.0000,1.0231
RJLJ01001687.1_2294,406,0.9926,0.0063,1.0000,0.9989
RJLJ01001688.1_2295,260,0.9885,0.0115,1.0000,1.0000
RJLJ01001689.1_2296,318,0.9937,0.0077,1.0000,1.0014
RJLJ01001690.1_2297,291,1.0000,0.0156,1.0000,1.0156
RJLJ01001691.1_2298,384,0.9974,0.0116,1.0000,1.0090
RJLJ01001692.1_2299,216,0.9954,0.0167,1.0000,1.0120
RJLJ01001703.1_2313,170,0.9882,0.0194,1.0000,1.0076
RJLJ01001706.1_2316,1718,0.9965,0.0027,1.0000,0.9992
RJLJ01001712.1_2329,237,0.9916,0.0173,1.0000,1.0089
RJLJ01001727.1_2348,116,1.0000,0.0427,1.0000,1.0427
RJLJ01001727.1_2349,190,0.9947,0.0274,1.0000,1.0221
RJLJ01001742.1_2369,190,0.9895,0.0432,1.0000,1.0326
RJLJ01001769.1_2401,243,1.0000,0.0490,1.0000,1.0490
RJLJ01001805.1_2450,245,1.0000,0.0124,1.0000,1.0124
RJLJ01001814.1_2467,963,0.9979,0.0061,1.0000,1.0040
RJLJ01001854.1_2514,286,0.9965,0.0386,1.0000,1.0351
RJLJ01001856.1_2518,132,1.0000,0.0402,1.0000,1.0402
RJLJ01001870.1_2537,265,1.0000,0.0138,1.0000,1.0138
RJLJ01001896.1_2571,356,0.9972,0.0063,1.0000,1.0035
RJLJ01001905.1_2583,246,1.0000,0.0114,1.0000,1.0114
RJLJ01001929.1_2637,332,0.9970,0.0081,1.0000,1.0051
RJLJ01001930.1_2639,120,1.0000,0.0533,1.0000,1.0533
RJLJ01001931.1_2640,250,1.0000,0.0170,1.0000,1.0170
RJLJ01001932.1_2641,426,1.0000,0.0069,1.0000,1.0069
RJLJ01001933.1_2642,234,1.0000,0.0308,1.0000,1.0308
RJLJ01001935.1_2644,233,0.9828,0.0092,1.0000,0.9921
RJLJ01001950.1_2668,173,1.0000,0.0121,1.0000,1.0121
RJLJ01001964.1_2687,296,1.6182,0.0385,1.0000,1.6568
RJLJ01001966.1_2689,121,1.0000,0.0289,1.0000,1.0289
RJLJ01001973.1_2700,107,1.0000,0.0182,1.0000,1.0182
RJLJ01002016.1_2769,166,0.9940,0.0096,1.0000,1.0036
RJLJ01002023.1_2778,101,0.9901,0.0337,1.0000,1.0238
RJLJ01002041.1_2801,536,0.9963,0.0187,1.0000,1.0150
RJLJ01002047.1_2806,602,0.9983,0.0110,1.0000,1.0093
RJLJ01002047.1_2807,888,0.9944,0.0084,1.0000,1.0028
RJLJ01002047.1_2808,384,0.9948,0.0098,1.0000,1.0046
RJLJ01002047.1_2809,164,1.0000,0.0192,1.0000,1.0192
RJLJ01002056.1_2819,112,1.0000,0.1049,1.0000,1.1049
RJLJ01002066.1_2830,203,1.0000,0.0236,1.0000,1.0236
RJLJ01002067.1_2831,225,1.0000,0.0096,1.0000,1.0096
RJLJ01002067.1_2832,136,1.0000,0.0294,1.0000,1.0294
RJLJ01002079.1_2850,117,0.9915,0.0325,1.0000,1.0239
RJLJ01002105.1_2885,106,1.0000,0.0052,1.0000,1.0052
RJLJ01002114.1_2896,101,1.0000,0.0861,1.0000,1.0861
RJLJ01002140.1_2926,131,1.0000,0.0588,1.0000,1.0588
RJLJ01002147.1_2939,130,0.9923,0.0265,1.0000,1.0188
RJLJ01002162.1_2966,900,0.9956,0.0042,1.0000,0.9997
RJLJ01002163.1_2967,531,0.9944,0.0096,1.0000,1.0040
RJLJ01002164.1_2968,283,0.9929,0.0203,1.0000,1.0133
RJLJ01002165.1_2969,230,1.0000,0.0115,1.0000,1.0115
RJLJ01002165.1_2970,478,0.9979,0.0067,1.0000,1.0046
RJLJ01002165.1_2971,102,1.0000,0.0059,1.0000,1.0059
RJLJ01002166.1_2972,108,1.0000,0.0218,1.0000,1.0218
RJLJ01002172.1_2980,359,1.0000,0.0058,1.0000,1.0058
RJLJ01002173.1_2981,376,0.9920,0.0081,1.0000,1.0001
RJLJ01002174.1_2982,245,1.0000,0.0084,1.0000,1.0084
RJLJ01002189.1_3002,499,0.9980,0.0061,1.0000,1.0041
RJLJ01002190.1_3003,378,0.9974,0.0115,1.0000,1.0089
RJLJ01002199.1_3015,724,0.9986,0.0057,1.0000,1.0044
RJLJ01002204.1_3022,1262,0.9968,0.0042,1.0000,1.0011
RJLJ01002213.1_3037,409,0.9927,0.0183,1.0000,1.0110
RJLJ01002217.1_3039,190,1.0000,0.0079,1.0000,1.0079
RJLJ01002218.1_3040,406,1.0000,0.0069,1.0000,1.0069
RJLJ01002219.1_3041,317,1.0000,0.0098,1.0000,1.0098
RJLJ01002220.1_3042,254,1.0000,0.0128,1.0000,1.0128
RJLJ01002221.1_3043,282,0.9965,0.0257,1.0000,1.0222
RJLJ01002223.1_3045,112,1.0000,0.0045,1.0000,1.0045
RJLJ01002224.1_3046,218,0.6147,0.0112,1.0000,0.6259
RJLJ01002237.1_3060,423,0.9953,0.0040,1.0000,0.9993
RJLJ01002237.1_3061,501,0.9920,0.0053,1.0000,0.9973
RJLJ01002243.1_3072,347,0.7637,0.0043,1.0000,0.7680
RJLJ01002243.1_3073,268,0.9963,0.0224,1.0000,1.0187
RJLJ01002269.1_3121,440,0.9932,0.0066,1.0000,0.9998
RJLJ01002278.1_3136,212,1.0000,0.0104,1.0000,1.0104
RJLJ01002279.1_3137,647,1.0000,0.0186,1.0000,1.0186
RJLJ01002280.1_3138,958,0.9979,0.0070,1.0000,1.0049
RJLJ01002281.1_3139,179,1.0000,0.0131,1.0000,1.0131
RJLJ01002282.1_3140,205,0.6488,0.0149,1.0000,0.6637
RJLJ01002289.1_3151,845,0.9964,0.0017,1.0000,0.9981
RJLJ01002304.1_3171,559,0.9946,0.0030,1.0000,0.9976
RJLJ01002305.1_3172,487,0.9959,0.0049,1.0000,1.0008
RJLJ01002306.1_3173,232,1.2845,0.0295,1.0000,1.3140
RJLJ01002332.1_3214,660,0.9970,0.0087,1.0000,1.0057
RJLJ01002355.1_3243,271,0.9963,0.0059,1.0000,1.0022
RJLJ01002358.1_3247,288,0.9931,0.0111,1.0000,1.0042
RJLJ01002361.1_3251,227,1.0000,0.0143,1.0000,1.0143
RJLJ01002379.1_3274,101,1.0000,0.0282,1.0000,1.0282
RJLJ01002380.1_3276,131,0.9924,0.0145,1.0000,1.0069
RJLJ01002389.1_3287,916,0.9956,0.0176,1.0000,1.0132
RJLJ01002395.1_3296,337,0.9941,0.0122,1.0000,1.0062
RJLJ01002405.1_3307,101,0.9901,0.0178,1.0000,1.0079
RJLJ01002407.1_3310,200,0.4650,0.0187,1.0000,0.4838
RJLJ01002408.1_3311,269,1.0000,0.0130,1.0000,1.0130
RJLJ01002409.1_3312,411,1.0000,0.0095,1.0000,1.0095
RJLJ01002410.1_3313,129,0.9922,0.0337,1.0000,1.0260
RJLJ01002417.1_3323,375,1.0000,0.0081,1.0000,1.0081
RJLJ01002441.1_3359,576,0.9948,0.0048,1.0000,0.9996
RJLJ01002441.1_3360,185,1.0000,0.0157,1.0000,1.0157
RJLJ01002441.1_3361,681,0.6138,0.0076,1.0000,0.6214
RJLJ01002441.1_3362,249,0.9960,0.0159,1.0000,1.0118
RJLJ01002446.1_3371,137,0.9708,0.0507,1.0000,1.0215
RJLJ01002463.1_3382,174,0.9885,0.0195,1.0000,1.0080
RJLJ01002472.1_3392,230,0.9957,0.0209,1.0000,1.0165
RJLJ01002489.1_3412,610,0.9967,0.0098,1.0000,1.0066
RJLJ01002490.1_3414,150,1.0000,0.0267,1.0000,1.0267
RJLJ01002495.1_3417,298,0.9966,0.0107,1.0000,1.0074
RJLJ01002496.1_3418,372,0.3656,0.0043,1.0000,0.3699
RJLJ01002497.1_3419,297,0.9933,0.0094,1.0000,1.0027
RJLJ01002499.1_3420,174,0.9943,0.0236,1.0000,1.0178
RJLJ01002505.1_3423,200,1.0000,0.0173,1.0000,1.0172
RJLJ01002507.1_3425,618,0.7298,0.0074,1.0000,0.7372
RJLJ01002516.1_3434,100,1.0000,0.0245,1.0000,1.0245
RJLJ01002527.1_3446,610,0.9984,0.0046,1.0000,1.0030
RJLJ01002528.1_3447,671,0.9940,0.0040,1.0000,0.9981
RJLJ01002529.1_3448,186,1.0000,0.0183,1.0000,1.0183
RJLJ01002530.1_3449,417,0.9928,0.0086,1.0000,1.0014
RJLJ01002531.1_3450,395,0.9848,0.0076,1.0000,0.9924
RJLJ01002531.1_3451,513,0.9981,0.0170,1.0000,1.0150
RJLJ01002532.1_3452,577,0.9983,0.0064,1.0000,1.0047
RJLJ01002535.1_3453,1154,0.9939,0.0022,1.0000,0.9961
RJLJ01002550.1_3477,212,1.0000,0.0045,1.0000,1.0045
RJLJ01002551.1_3478,414,1.0000,0.0042,1.0000,1.0042
RJLJ01002552.1_3479,211,0.9953,0.0019,1.0000,0.9972
RJLJ01002554.1_3481,905,0.9956,0.0051,1.0000,1.0007
RJLJ01002555.1_3482,391,0.9974,0.0077,1.0000,1.0051
RJLJ01002557.1_3488,101,0.9901,0.0465,1.0000,1.0366
RJLJ01002565.1_3504,791,0.9949,0.0032,1.0000,0.9982
RJLJ01002573.1_3513,629,1.0000,0.0070,1.0000,1.0070
RJLJ01002573.1_3514,165,0.9939,0.0382,1.0000,1.0321
RJLJ01002593.1_3543,301,1.0000,0.0095,1.0000,1.0095
RJLJ01002594.1_3544,146,1.0000,0.0072,1.0000,1.0072
RJLJ01002594.1_3545,209,0.9952,0.0234,1.0000,1.0187
RJLJ01002594.1_3546,324,0.5154,0.0148,1.0000,0.5302
RJLJ01002600.1_3555,191,0.9895,0.0366,1.0000,1.0262
RJLJ01002605.1_3563,221,0.9955,0.1781,1.0000,1.1735
RJLJ01002615.1_3579,163,0.9755,0.0319,1.0000,1.0074
RJLJ01002615.1_3580,524,0.9943,0.0289,1.0000,1.0232
RJLJ01002615.1_3581,707,1.0000,0.0075,1.0000,1.0075
RJLJ01002616.1_3582,367,1.0000,0.0143,1.0000,1.0143
RJLJ01002616.1_3583,433,0.9954,0.0111,1.0000,1.0065
RJLJ01002616.1_3584,290,0.9966,0.0164,1.0000,1.0129
RJLJ01002617.1_3585,102,1.0000,0.0255,1.0000,1.0255
RJLJ01002622.1_3587,156,0.9936,0.0183,1.0000,1.0119
RJLJ01002625.1_3590,191,0.9948,0.0073,1.0000,1.0021
RJLJ01002637.1_3606,185,0.9892,0.0211,1.0000,1.0103
RJLJ01002668.1_3651,341,0.9941,0.0282,1.0000,1.0223
RJLJ01002675.1_3660,1315,0.9970,0.0070,1.0000,1.0039
RJLJ01002675.1_3661,1079,0.9972,0.0055,1.0000,1.0027
RJLJ01002687.1_3679,117,1.0000,0.0325,1.0000,1.0325
RJLJ01002691.1_3685,140,0.3429,0.0004,1.0000,0.3432
RJLJ01002699.1_3696,637,0.9969,0.0051,1.0000,1.0020
RJLJ01002699.1_3697,375,0.9973,0.0032,1.0000,1.0005
RJLJ01002700.1_3698,686,0.9913,0.0104,1.0000,1.0017
RJLJ01002712.1_3712,225,0.9956,0.0320,1.0000,1.0276
RJLJ01002739.1_3759,102,1.0000,0.0137,1.0000,1.0137
RJLJ01002753.1_3762,421,0.9929,0.0099,1.0000,1.0027
RJLJ01002754.1_3763,256,1.0000,0.0221,1.0000,1.0221
RJLJ01002767.1_3779,391,0.9974,0.0128,1.0000,1.0102
RJLJ01002768.1_3780,259,0.9961,0.0214,1.0000,1.0176
RJLJ01002769.1_3781,1034,0.9952,0.0077,1.0000,1.0029
RJLJ01002769.1_3782,365,0.9918,0.0136,1.0000,1.0053
RJLJ01002770.1_3783,365,1.0000,0.0208,1.0000,1.0208
RJLJ01002770.1_3784,413,0.4794,0.0088,1.0000,0.4883
RJLJ01002773.1_3788,125,1.0000,0.0304,1.0000,1.0304
RJLJ01002793.1_3810,106,0.9906,0.0160,1.0000,1.0066
RJLJ01002794.1_3811,263,1.0000,0.0262,1.0000,1.0262
RJLJ01002795.1_3812,223,1.0000,0.0054,1.0000,1.0054
RJLJ01002795.1_3813,160,0.9938,0.0253,1.0000,1.0191
RJLJ01002796.1_3814,209,1.0000,0.0110,1.0000,1.0110
RJLJ01002797.1_3815,343,0.9942,0.0071,1.0000,1.0013
RJLJ01002818.1_3842,173,0.5376,0.0075,1.0000,0.5451
RJLJ01002819.1_3846,158,0.9937,0.0165,1.0000,1.0101
RJLJ01002824.1_3853,184,0.9946,0.0340,1.0000,1.0285
RJLJ01002838.1_3870,256,1.0000,0.0152,1.0000,1.0152
RJLJ01002855.1_3890,1054,0.9981,0.0055,1.0000,1.0036
RJLJ01002855.1_3891,739,0.9959,0.0018,1.0000,0.9977
RJLJ01002858.1_3895,383,1.0000,0.0042,1.0000,1.0042
RJLJ01002885.1_3926,184,1.0000,0.0125,1.0000,1.0125
RJLJ01002892.1_3928,154,1.0000,0.0084,1.0000,1.0084
RJLJ01002908.1_3950,126,0.9921,0.0754,1.0000,1.0675
RJLJ01002931.1_3979,514,0.5214,0.0042,1.0000,0.5256
RJLJ01002939.1_3991,213,1.0000,0.0110,1.0000,1.0110
RJLJ01002940.1_3992,267,0.5094,0.0060,1.0000,0.5154
RJLJ01002948.1_4000,200,0.9900,0.0075,1.0000,0.9975
RJLJ01002949.1_4001,321,0.5514,0.0009,1.0000,0.5523
RJLJ01002950.1_4002,1730,0.9925,0.0015,1.0000,0.9940
RJLJ01002950.1_4003,520,0.9827,0.0092,1.0000,0.9919
RJLJ01002971.1_4027,178,0.9944,0.0132,1.0000,1.0076
RJLJ01002975.1_4032,116,1.0000,0.0263,1.0000,1.0263
RJLJ01002975.1_4033,686,0.9971,0.0091,1.0000,1.0062
RJLJ01002976.1_4034,1258,0.9952,0.0015,1.0000,0.9967
RJLJ01002977.1_4035,757,0.9947,0.0036,1.0000,0.9983
RJLJ01002993.1_4050,753,0.9934,0.0018,1.0000,0.9952
RJLJ01002993.1_4051,106,1.0000,0.0245,1.0000,1.0245
RJLJ01002996.1_4055,241,1.0000,0.0143,1.0000,1.0143
RJLJ01003016.1_4090,131,0.9924,0.0069,1.0000,0.9992
RJLJ01003018.1_4095,166,0.9880,0.0114,1.0000,0.9994
RJLJ01003019.1_4096,415,1.0000,0.0076,1.0000,1.0076
RJLJ01003020.1_4097,492,0.9980,0.0126,1.0000,1.0106
RJLJ01003021.1_4098,821,1.0000,0.0060,1.0000,1.0060
RJLJ01003028.1_4110,422,0.9882,0.0161,1.0000,1.0043
RJLJ01003038.1_4129,185,1.0000,0.0235,1.0000,1.0235
RJLJ01003041.1_4132,2044,0.9956,0.0031,1.0000,0.9987
RJLJ01003041.1_4133,308,1.0000,0.0193,1.0000,1.0193
RJLJ01003047.1_4145,264,0.9962,0.0089,1.0000,1.0051
RJLJ01003056.1_4156,212,0.9906,0.0375,1.0000,1.0281
RJLJ01003073.1_4184,214,0.9860,0.0103,1.0000,0.9963
RJLJ01003074.1_4185,424,0.9953,0.0059,1.0000,1.0012
RJLJ01003076.1_4188,209,1.0000,0.0112,1.0000,1.0112
RJLJ01003085.1_4198,167,0.9940,0.0246,1.0000,1.0186
RJLJ01003116.1_4240,114,1.3860,0.0346,1.0000,1.4206
RJLJ01003122.1_4248,420,0.9976,0.0095,1.0000,1.0071
RJLJ01003123.1_4249,267,0.9963,0.0105,1.0000,1.0067
RJLJ01003129.1_4256,392,0.9974,0.0080,1.0000,1.0055
RJLJ01003130.1_4257,232,0.9914,0.0071,1.0000,0.9985
RJLJ01003140.1_4277,104,2.1923,0.0207,1.0000,2.2130
RJLJ01003141.1_4278,157,1.0000,0.0481,1.0000,1.0481
RJLJ01003142.1_4279,661,0.9924,0.0035,1.0000,0.9959
RJLJ01003143.1_4280,613,0.9967,0.0086,1.0000,1.0053
RJLJ01003144.1_4281,1299,0.9969,0.0040,1.0000,1.0010
RJLJ01003144.1_4282,282,1.0000,0.0060,1.0000,1.0060
RJLJ01003145.1_4283,114,0.9825,0.0263,1.0000,1.0088
RJLJ01003146.1_4284,340,0.9971,0.0090,1.0000,1.0060
RJLJ01003152.1_4290,134,0.9925,0.0157,1.0000,1.0082
RJLJ01003154.1_4292,436,1.0000,0.0213,1.0000,1.0213
RJLJ01003155.1_4293,459,0.9956,0.0098,1.0000,1.0054
RJLJ01003156.1_4294,385,0.9974,0.0097,1.0000,1.0071
RJLJ01003156.1_4295,349,0.9943,0.0360,1.0000,1.0302
RJLJ01003157.1_4296,242,0.9959,0.0085,1.0000,1.0043
RJLJ01003172.1_4314,195,1.0000,0.0231,1.0000,1.0231
RJLJ01003195.1_4342,190,0.9947,0.0058,1.0000,1.0005
RJLJ01003205.1_4357,173,0.9942,0.0032,1.0000,0.9974
RJLJ01003208.1_4360,408,0.9975,0.0107,1.0000,1.0082
RJLJ01003216.1_4371,198,0.9899,0.0290,1.0000,1.0189
RJLJ01003217.1_4372,511,0.9980,0.0036,1.0000,1.0017
RJLJ01003218.1_4373,204,1.0000,0.0284,1.0000,1.0284
RJLJ01003219.1_4374,411,0.9927,0.0140,1.0000,1.0067
RJLJ01003242.1_4408,219,0.9954,0.0221,1.0000,1.0176
RJLJ01003252.1_4418,307,0.9967,0.0181,1.0000,1.0148
RJLJ01003253.1_4419,205,0.9951,0.0122,1.0000,1.0073
RJLJ01003262.1_4431,116,1.0000,0.0716,1.0000,1.0716
RJLJ01003275.1_4442,675,1.0000,0.0069,1.0000,1.0069
RJLJ01003282.1_4451,115,1.0000,0.0157,0.9500,1.0157
RJLJ01003283.1_4456,118,0.9915,0.0343,1.0000,1.0258
RJLJ01003323.1_4509,418,0.9952,0.0221,1.0000,1.0173
RJLJ01003325.1_4512,106,1.0000,0.0325,1.0000,1.0325
RJLJ01003327.1_4514,387,0.9974,0.0221,1.0000,1.0195
RJLJ01003328.1_4515,1295,0.9969,0.0031,1.0000,1.0000
RJLJ01003335.1_4525,418,0.9952,0.0074,1.0000,1.0026
RJLJ01003336.1_4526,210,0.9952,0.0305,1.0000,1.0257
RJLJ01003336.1_4527,678,0.9956,0.0063,1.0000,1.0019
RJLJ01003337.1_4528,193,0.9948,0.0430,1.0000,1.0378
RJLJ01003338.1_4530,260,1.0000,0.0090,1.0000,1.0090
RJLJ01003339.1_4531,742,0.9946,0.0028,1.0000,0.9974
RJLJ01003351.1_4552,326,0.9908,0.0127,1.0000,1.0035
RJLJ01003352.1_4553,345,0.9942,0.0059,1.0000,1.0001
RJLJ01003353.1_4554,120,1.0000,0.0346,1.0000,1.0346
RJLJ01003364.1_4571,590,0.9966,0.0110,1.0000,1.0076
RJLJ01003364.1_4572,1049,0.9466,0.0070,1.0000,0.9536
RJLJ01003370.1_4581,574,0.4843,0.0085,1.0000,0.4929
RJLJ01003386.1_4602,249,0.9960,0.0233,1.0000,1.0193
RJLJ01003396.1_4615,107,1.0000,0.0248,1.0000,1.0248
RJLJ01003416.1_4631,182,0.9890,0.0401,1.0000,1.0291
RJLJ01003418.1_4635,386,1.0000,0.0158,1.0000,1.0158
RJLJ01003428.1_4645,102,0.9902,0.0235,1.0000,1.0137
RJLJ01003456.1_4678,238,0.9958,0.0210,1.0000,1.0168
RJLJ01003457.1_4679,485,0.9979,0.0055,1.0000,1.0034
RJLJ01003458.1_4680,2256,0.9973,0.0030,1.0000,1.0004
RJLJ01003472.1_4702,1073,0.9972,0.0027,1.0000,0.9999
RJLJ01003474.1_4704,104,1.0000,0.0341,1.0000,1.0341
RJLJ01003480.1_4710,773,0.9961,0.0059,1.0000,1.0020
RJLJ01003481.1_4711,299,0.9967,0.0251,1.0000,1.0217
RJLJ01003481.1_4712,2000,0.9960,0.0042,1.0000,1.0002
RJLJ01003482.1_4713,367,0.9973,0.0037,1.0000,1.0010
RJLJ01003483.1_4714,635,0.9937,0.0100,1.0000,1.0037
RJLJ01003499.1_4728,390,1.0000,0.0145,1.0000,1.0145
RJLJ01003514.1_4749,133,0.9925,0.0376,1.0000,1.0301
RJLJ01003514.1_4750,241,0.5436,0.0066,1.0000,0.5502
RJLJ01003515.1_4751,154,1.0000,0.0214,1.0000,1.0214
RJLJ01003516.1_4752,297,0.9933,0.0086,1.0000,1.0019
RJLJ01003516.1_4753,1162,0.9940,0.0102,1.0000,1.0042
RJLJ01003516.1_4754,203,1.0000,0.0291,1.0000,1.0291
RJLJ01003517.1_4755,155,0.9935,0.0210,1.0000,1.0145
RJLJ01003518.1_4756,401,0.9925,0.0047,1.0000,0.9973
RJLJ01003519.1_4757,229,1.0000,0.0109,1.0000,1.0109
RJLJ01003520.1_4758,251,0.9960,0.0133,1.0000,1.0094
RJLJ01003521.1_4759,222,0.9955,0.0117,1.0000,1.0072
RJLJ01003522.1_4760,287,0.9930,0.0371,1.0000,1.0301
RJLJ01003529.1_4771,1315,0.9985,0.0087,1.0000,1.0071
RJLJ01003531.1_4774,682,0.9956,0.0020,1.0000,0.9976
RJLJ01003532.1_4775,1002,0.9970,0.0053,1.0000,1.0023
RJLJ01003533.1_4776,1052,0.9952,0.0031,1.0000,0.9984
RJLJ01003545.1_4789,1356,0.9963,0.0120,1.0000,1.0083
RJLJ01003547.1_4792,490,0.9959,0.0097,1.0000,1.0056
RJLJ01003548.1_4793,465,0.9935,0.0063,1.0000,0.9999
RJLJ01003549.1_4794,1059,0.9991,0.0037,1.0000,1.0028
RJLJ01003549.1_4795,582,0.9966,0.0117,1.0000,1.0082
RJLJ01003550.1_4796,998,0.9990,0.0178,1.0000,1.0168
RJLJ01003551.1_4797,1038,0.9952,0.0052,1.0000,1.0004
RJLJ01003643.1_4877,331,0.9970,0.0166,1.0000,1.0136
RJLJ01003643.1_4878,532,0.9906,0.0097,1.0000,1.0003
RJLJ01003644.1_4879,432,0.9954,0.0042,1.0000,0.9995
RJLJ01003645.1_4880,1033,0.9971,0.0022,1.0000,0.9993
RJLJ01003655.1_4890,395,1.0000,0.0303,1.0000,1.0303
RJLJ01003656.1_4891,248,0.9919,0.0272,1.0000,1.0192
RJLJ01003657.1_4892,591,1.0000,0.0084,1.0000,1.0084
RJLJ01003657.1_4893,416,1.0000,0.0178,1.0000,1.0178
RJLJ01003667.1_4905,589,0.9932,0.0045,1.0000,0.9977
RJLJ01003667.1_4906,152,0.9868,0.0322,1.0000,1.0191
RJLJ01003678.1_4918,195,0.9897,0.0256,1.0000,1.0154
RJLJ01003683.1_4925,112,0.9911,0.0482,1.0000,1.0393
RJLJ01003684.1_4926,455,0.9121,0.0046,1.0000,0.9167
RJLJ01003686.1_4928,101,0.9901,0.0233,1.0000,1.0134
RJLJ01003686.1_4929,383,1.0000,0.0084,1.0000,1.0084
RJLJ01003687.1_4930,484,0.9979,0.0043,1.0000,1.0023
RJLJ01003690.1_4933,647,0.9954,0.0085,1.0000,1.0039
RJLJ01003691.1_4934,642,0.9953,0.0028,1.0000,0.9981
RJLJ01003691.1_4935,223,1.0000,0.0132,1.0000,1.0132
RJLJ01003702.1_4940,249,0.9960,0.0195,1.0000,1.0155
RJLJ01003704.1_4943,440,0.9977,0.0730,1.0000,1.0707
